categoria_foco,campanhas,envios,aberturas,cliques,conversoes,receita_atribuida,taxa_abertura_media,taxa_clique_media,taxa_conversao_media
Climatização,29,349094,95998,5593,35,33300.58,0.27351379310344826,0.055641379310344824,0.005775862068965518
Eletrodomésticos,24,284463,58582,2921,21,21433.309999999998,0.2108,0.0527375,0.007449999999999999
Esporte e Lazer,30,453142,96956,4877,30,10517.49,0.21368333333333334,0.04757666666666667,0.005326666666666666
Utilidades Domésticas,30,353051,81422,4541,31,9911.3,0.23049333333333333,0.05216333333333333,0.004686666666666667
"TV, Áudio e Vídeo",33,417597,101634,5768,26,6711.53,0.24608181818181815,0.05481212121212121,0.004006060606060607
